Product name,Price,Rating,No. of ratings,No. of reviews,Product id,Seller details,Product URL
OMRON BAGS - Black Polyester Backpack ( 35 Ltrs ),Rs.  625,4.1,1254,68,SDL348853411,omron bags,https://www.snapdeal.com/product/omron-bags-40-ltrs-black/647490383534
Daniel Clarion 35 Ltrs Black Laptop Bags,Rs.  549,4.2,34,1,SDL695601560,g.s.traders,https://www.snapdeal.com/product/daniel-clarion-35-ltrs-black/650069447250
OMRON BAGS - Black Polyester Backpack ( 35 Ltrs ),Rs.  599,4.0,30,3,SDL122675086,omron bags,https://www.snapdeal.com/product/omron-bags-35-ltrs-blue/653341108780
Ritzy 22 Ltrs Orange Polyester College Bag,Rs.  389,4.0,1,N/A,SDL361520574,a.b.bags,https://www.snapdeal.com/product/ritzy-22-ltrs-orange-polyester/623857149972
"Gear - Black & Blue Polyester Backpack bag For Tution,Gym,Picnic Bags ( 16 Ltrs )",Rs.  289,N/A,N/A,N/A,SDL705418063,gear merchandise pvt ltd,https://www.snapdeal.com/product/gear-black-polyester-backpack-16/639148164521
OMRON BAGS - Grey Polyester Backpack ( 40 Ltrs ),Rs.  649,4.2,252,17,SDL442032640,omron bags,https://www.snapdeal.com/product/omron-bags-40-ltrs-grey/630044862570
Polestar 32 Ltrs Blue Backpack bags,Rs.  575,4.2,165,3,SDL159931880,scale polestar india private limited,https://www.snapdeal.com/product/polestar-32-ltrs-blue-backpack/671118411325
Bewakoof - Blue PU Backpack ( 13 Ltrs ) Bag,Rs.  279,4.3,23,N/A,SDL339333439,bewakoof.com,https://www.snapdeal.com/product/bewakoof-blue-pu-backpack-13/653203152781
Style Smith 41 Ltrs Grey Laptop Bags,Rs.  649,4.2,5,N/A,SDL798153192,juscorp enterprises private limited,https://www.snapdeal.com/product/style-smith-41-ltrs-grey/654076334840
OMRON BAGS - Black Polyester Backpack ( 35 Ltrs ),Rs.  625,3.9,21,1,SDL868275619,omron bags,https://www.snapdeal.com/product/omron-bags-blue-polyester-backpack/650078030192
Arctic Fox 15 Litres Draw String Bags Black Backpack,Rs.  199,4.3,405,14,SDL312136989,outshiny india private limited,https://www.snapdeal.com/product/arctic-fox-15-ltrs-black/648947346129
OMRON BAGS - Blue Polyester Backpack ( 40 Ltrs ),Rs.  625,4.2,152,19,SDL871660782,omron bags,https://www.snapdeal.com/product/omron-bags-40-ltrs-blue/668157464459
Polestar 35 Ltrs Black Backpack bags,Rs.  625,4.5,171,7,SDL126771293,scale polestar india private limited,https://www.snapdeal.com/product/polestar-35-ltrs-black-backpack/681576277926
Lychee Bags Pink Backpack Bags,Rs.  249,4.2,42,1,SDL032878998,creative fashions,https://www.snapdeal.com/product/lychee-bags-pink-backpack/622396239052
Daniel Clarion 35 Ltrs Grey Laptop Bags,Rs.  549,4.2,54,5,SDL567293658,g.s.traders,https://www.snapdeal.com/product/daniel-clarion-35-ltrs-grey/654666350663
HOMETALES - Multicolor Laundry Bag,Rs.  169,4.1,1210,42,SDL874883078,juscorp enterprises private limited,https://www.snapdeal.com/product/hometales-set-of-2-20/656856894059
OMRON BAGS - Black Polyester Backpack ( 40 Ltrs ),Rs.  675,4.4,47,5,SDL159200485,omron bags,https://www.snapdeal.com/product/omron-bags-40-ltrs-black/639943345377
Leather World 45 Ltrs Blue Backpack Bag,Rs.  849,4.1,160,1,SDL018288244,leather world,https://www.snapdeal.com/product/leather-world-casual-unisex-adventurous/662269440889
SH. NASIMA - Multicolor Laundry Bag,Rs.  199,4.2,463,11,SDL166188638,sh nasima manufacturer,https://www.snapdeal.com/product/hometales-set-of-1-20/642739100149
Polestar 35 Ltrs Blue Backpack bags,Rs.  625,4.3,134,7,SDL074683810,scale polestar india private limited,https://www.snapdeal.com/product/polestar-35-ltrs-blue-backpack/626030957363
AXEN BAGS - Brown Polyester Duffle Trolley,Rs.  449,5.0,4,4,SDL356249544,axen bags,https://www.snapdeal.com/product/axen-bags-red-polyester-duffle/7493990419404754184
Leather World 55 Ltrs Tan Solid Duffle Bag Travel Bag,Rs.  949,4.3,86,4,SDL642576022,leather world,https://www.snapdeal.com/product/leather-world-55-ltrs-tan/670799954705
SATELLITE Blue Solid Duffle Bag,Rs.  925,4.3,19,1,SDL890776896,ram lal ram chander (india) ltd.,https://www.snapdeal.com/product/satellite-navy-solid-duffle-bag/6917529685330688152
AXEN BAGS - Red Polyester Duffle Trolley,"Rs.  1,149",5.0,1,1,SDL645396058,axen bags,https://www.snapdeal.com/product/axen-bags-sky-blue-polyester/7493990403829397063
VVORAA - Multi Fabric Duffle Bag,Rs.  725,4.3,10,N/A,SDL712918153,ramdev enterprise,https://www.snapdeal.com/product/vvoraa-multi-fabric-duffle-bag/634461713485
PrettyKrafts Nylon Waterproof Double Decker 16'' inches Travel Duffle - (Set of 4) Grey,Rs.  752,4.1,14,N/A,SDL159446823,mensa brand technologies private limited,https://www.snapdeal.com/product/prettykrafts-grey-solid-l-duffle/670528559667
Gear 22 Ltrs Grey Duffle Travel Bag,Rs.  575,4.2,74,2,SDL580671797,gear merchandise pvt ltd,https://www.snapdeal.com/product/gear-22-ltrs-grey-duffle/672387505142
Afco Bags - Blue Polyester Duffle Bag,Rs.  399,4.0,122,N/A,SDL801351683,afco bag,https://www.snapdeal.com/product/afco-bags-30-ltrs-blue/635299992100
AXEN BAGS - Blue Polyester Duffle Trolley,Rs.  549,5.0,1,N/A,SDL676717891,axen bags,https://www.snapdeal.com/product/axen-bags-brown-polyester-duffle/5764608193057099518
Urban Tribe Black Solid S Duffle Bag,"Rs.  1,399",N/A,N/A,N/A,SDL188513759,backpack international,https://www.snapdeal.com/product/urban-tribe-black-solid-s/678904103185
Leather World Brown Solid M Duffle Travel Bags,Rs.  825,4.2,53,2,SDL505401936,leather world,https://www.snapdeal.com/product/leather-world-brown-solid-m/624862984978
Fly Fashion Blue Solid S Duffle Bag,Rs.  575,4.0,14,N/A,SDL673379363,leather world,https://www.snapdeal.com/product/fly-fashion-blue-solid-s/659048399925
Leather World Nylon Storage Bag & Trunk,Rs.  849,4.3,7,N/A,SDL456935297,leather world,https://www.snapdeal.com/product/leather-world-nylon-storage-bag/618967784539
AXEN BAGS - Black Polyester Duffle Trolley,Rs.  749,5.0,2,N/A,SDL552383716,axen bags,https://www.snapdeal.com/product/axen-bags-grey-polyester-duffle/5764608178541490981
Leather World Black Solid L Duffle Travel Bag,Rs.  849,4.5,42,1,SDL090777042,leather world,https://www.snapdeal.com/product/leather-world-black-solid-l/667107423939
AXEN BAGS - Brown Polyester Duffle Trolley,Rs.  549,5.0,1,N/A,SDL512505542,axen bags,https://www.snapdeal.com/product/axen-bags-brown-polyester-duffle/8070451202270793470
SATELLITE Charcoal Solid Duffle Bag,Rs.  999,4.3,19,1,SDL436315338,ram lal ram chander (india) ltd.,https://www.snapdeal.com/product/satellite-navy-solid-duffle-bag/6341068933027264664
AXEN BAGS - Blue Polyester Duffle Trolley,Rs.  449,5.0,4,4,SDL418640901,axen bags,https://www.snapdeal.com/product/axen-bags-red-polyester-duffle/5188147410191060232
SKYFALL - Blue Nylon Duffle Bag,Rs.  445,3.7,3,N/A,SDL703686475,nion enterprises,https://www.snapdeal.com/product/skyfall-purple-nylon-duffle-bag/8070451157301212508
AXEN BAGS - Red Polyester Duffle Trolley,Rs.  449,5.0,4,4,SDL313050261,axen bags,https://www.snapdeal.com/product/axen-bags-red-polyester-duffle/6341068914797907208
trunkit 55 L Hiking Bag,Rs.  675,4.2,58,3,SDL172872942,meeta accessories private limited,https://www.snapdeal.com/product/trunkit-55-l-hiking-bag/655861204474
Polestar 55 L XPLORE Grey/Yellow Travel Backpack for Camping Hiking Rucksack Trekking Bag,Rs.  725,4.5,35,1,SDL212354187,scale polestar india private limited,https://www.snapdeal.com/product/pole-star-55-l-xplore/668380280696
SKYFALL 55 L N BLUE-1 Hiking Bag,Rs.  749,4.0,4,N/A,SDL359319742,nion enterprises,https://www.snapdeal.com/product/skyfall-55-l-n-blue1/635082393703
trunkit 60 L Hiking Bag,Rs.  999,4.4,19,2,SDL322204571,meeta accessories private limited,https://www.snapdeal.com/product/trunkit-60-l-hiking-bag/620398166389
Leather World 40 L Adventurous Trekking Hiking Bag,Rs.  749,N/A,N/A,N/A,SDL097871437,leather world,https://www.snapdeal.com/product/leather-world-40-l-adventurous/683228795750
Polestar 55 L XPLORE Black/Yellow Travel Backpack for Camping Hiking Rucksack Trekking Bag,Rs.  725,4.3,23,2,SDL525999914,scale polestar india private limited,https://www.snapdeal.com/product/pole-star-55-l-xplore/654203212011
trunkit 55 L Hiking Bag,Rs.  675,4.3,31,1,SDL166195938,meeta accessories private limited,https://www.snapdeal.com/product/trunkit-55-l-hiking-bag/669448780046
Heroz 80 L Hiking Bag,"Rs.  1,799",3.7,3,N/A,SDL284248734,a h creation,https://www.snapdeal.com/product/heroz-80-l-hiking-bag/662231459970
Leather World 45 L Rucksacks Backpack Hiking Bag,Rs.  725,4.3,117,4,SDL422544756,leather world,https://www.snapdeal.com/product/leather-world-45-l-hiking/653576810542
Da Tasche 45 L Hiking Bag,Rs.  925,3.5,16,1,SDL907145371,apnav enterprises,https://www.snapdeal.com/product/da-tasche-4560-litre-multi/635820737172
Polestar 55 L XPLORE Green/Yellow Travel Backpack for Camping Hiking Rucksack Trekking Bag,Rs.  823,4.3,21,1,SDL497071556,scale polestar india private limited,https://www.snapdeal.com/product/pole-star-55-l-xplore/675303591487
Leather World 55 Ltrs HK106 Travel Backpack for Camping Hiking Rucksack Trekking Bag,Rs.  899,4.4,77,1,SDL256795516,leather world,https://www.snapdeal.com/product/leather-world-55-l-hk106/664443843110
Leather World 40 Ltrs Rucksack Backpack Hiking Bag,Rs.  725,4.4,37,1,SDL618930930,leather world,https://www.snapdeal.com/product/leather-world-45-l-hiking/665943394581
Leather World 8 L HK104 Hiking Bag,Rs.  699,4.1,10,1,SDL608391193,leather world,https://www.snapdeal.com/product/leather-world-8-l-hk104/628095133618
MIKE 65 L Hiking Bag,"Rs.  1,649",4.2,13,N/A,SDL218516043,kiddos stationery private limited,https://www.snapdeal.com/product/mike-65-l-hiking-bag/648405635905
Leather World 54 Ltrs Travel Backpack for Camping Hiking Rucksack Trekking Bag,Rs.  849,4.3,377,8,SDL620658674,leather world,https://www.snapdeal.com/product/leather-world-8-l-hk105/618616261525
trunkit 45 L Hiking Bag,Rs.  549,2.3,4,N/A,SDL720114463,meeta accessories private limited,https://www.snapdeal.com/product/trunkit-45-l-hiking-bag/676457436882
Da Tasche 65 L Adventure 65L Hiking Bag,"Rs.  1,075",5.0,1,N/A,SDL752036722,apnav enterprises,https://www.snapdeal.com/product/da-tasche-65-l-adventure/671705989117
Aspen Leather 2 L Hiking Bag,Rs.  749,4.0,2,N/A,SDL029715941,khannaexporters,https://www.snapdeal.com/product/aspen-leather-2-l-hiking/637167876945
Da Tasche 50 L 50L CMFLG Hiking Bag,Rs.  825,3.0,6,1,SDL518090828,apnav enterprises,https://www.snapdeal.com/product/da-tasche-50-l-50l/653661353329
"Aspen Transit Brown WAIST BAG, FANNY BAG, TRAVEL KIT, TRAVEL POUCH",Rs.  239,4.1,32,1,SDL403771164,khannaexporters,https://www.snapdeal.com/product/aspen-transit-brown-waist-bag/648400337835
"Aspen Leather Tan WAIST BAG, FANNY BAG, TRAVEL KIT, TRAVEL POUCH",Rs.  299,4.3,42,2,SDL710276391,khannaexporters,https://www.snapdeal.com/product/aspen-leather-tan-waist-bag/628824706586
"Aspen Transit Black WAIST POUCH, WAIST BAG, FANNY BAG",Rs.  339,4.5,47,3,SDL021080232,khannaexporters,https://www.snapdeal.com/product/aspen-transit-black-waist-pouch/666867785910
Aspen Leather Black TRAVEL KIT BAG/ WAIST BAG/FANNY BAG,Rs.  299,4.2,31,2,SDL504938279,khannaexporters,https://www.snapdeal.com/product/aspen-leather-black-travel-kit/684667950854
Aspen Leather Black Waist Bag for Travelling,Rs.  449,4.3,36,1,SDL039451405,khannaexporters,https://www.snapdeal.com/product/aspen-leather-black-waist-bag/660473953179
"Aspen Transit Black SMALL WAIST BAG, FANNY BAG",Rs.  239,4.3,65,3,SDL824473145,khannaexporters,https://www.snapdeal.com/product/aspen-transit-black-small-waist/632617669012
Heart Choice Black Waist Bags,Rs.  419,4.0,3,N/A,SDL271034556,adil bags & co,https://www.snapdeal.com/product/heart-choice-black-waist-bags/624051634860
"Aspen Leather Green Waist Bag, Fanny Bag, Travel Bag",Rs.  369,4.6,15,1,SDL327286428,khannaexporters,https://www.snapdeal.com/product/aspen-leather-green-waist-bag/677812117205
"Aspen Transit Black WAIST BAG, FANNY BAG, TRAVEL KIT",Rs.  279,4.4,58,3,SDL926080808,khannaexporters,https://www.snapdeal.com/product/aspen-transit-black-waist-bag/639369968519
Style 98 Black 1 Waist Bag,Rs.  469,4.1,16,N/A,SDL191836451,kan & style 98,https://www.snapdeal.com/product/style-98-black-1-waist/624134667975
"Aspen Transit Red WAIST POUCH, WAIST BAG, FANNY BAG",Rs.  299,4.6,30,N/A,SDL442670264,khannaexporters,https://www.snapdeal.com/product/aspen-transit-red-waist-pouch/676967176791
"Aspen Transit Brown WAIST BAG, TRAVEL KIT ,TRAVEL POUCH, FANNY BAG",Rs.  299,4.3,109,3,SDL247436590,khannaexporters,https://www.snapdeal.com/product/aspen-transit-brown-waist-bag/633256077736
Style 98 Black Waist Bag,Rs.  699,4.1,17,N/A,SDL829338925,kan & style 98,https://www.snapdeal.com/product/style-98-black-waist-bag/656849382853
"Aspen Transit Black WAIST POUCH, WAIST BAG, FANNY BAG",Rs.  339,4.4,21,N/A,SDL777470010,khannaexporters,https://www.snapdeal.com/product/aspen-transit-black-waist-pouch/683306213160
Aspen Leather Black Waist Bag,Rs.  519,4.1,59,2,SDL427204624,khannaexporters,https://www.snapdeal.com/product/aspen-leather-black-waist-bag/620010514430
"Aspen Transit Tan WAIST BAG, FANNY BAG, TRAVEL KIT, TRAVEL POUCH",Rs.  279,3.9,50,2,SDL179300356,khannaexporters,https://www.snapdeal.com/product/aspen-transit-tan-waist-pouch/656662740671
Aspen Leather Blue Waist Bag for Travelling,Rs.  469,4.1,12,N/A,SDL098242302,khannaexporters,https://www.snapdeal.com/product/aspen-leather-blue-waist-bag/679413594835
Aspen Leather Black Waist Bag,Rs.  659,4.1,7,N/A,SDL192239375,khannaexporters,https://www.snapdeal.com/product/aspen-leather-black-waist-bag/682547962155
"Aspen Leather Black WAIST BAG,FANNY BAG",Rs.  669,5.0,2,N/A,SDL881949008,khannaexporters,https://www.snapdeal.com/product/aspen-leather-black-waist-bagfanny/653327572464
Aspen Leather Black Waist Bag for Travelling,Rs.  299,3.6,61,1,SDL112017916,khannaexporters,https://www.snapdeal.com/product/aspen-leather-black-waist-bag/674928666286
Goodwin Black Leather Office Bag Cross Bag Leather Bag Men Man Side Bag Gents Bag Men Side Bag One Side Bag Men Carry Bag Men,"Rs.  1,399",3.4,94,2,SDL703359398,orchid international,https://www.snapdeal.com/product/goodwin-black-leather-office-bag/619532289831
Goodwin Black PU Leather Office Laptop Bag With String 15 Inch/Side Bag Cross Bag Men Man Side Bag Gents Bag Men Side Bag One Side Bag Men Carry Bag Men,"Rs.  1,836",4.1,187,7,SDL337453660,orchid international,https://www.snapdeal.com/product/goodwin-black-leather-office-bag/672109031169
Venue Brown P.U Leather Office Laptop Bag With String 15 Inch/Side Bag Cross Bag Men Man Side Bag Gents Bag Men Side Bag One Side Bag Men Carry Bag Men,Rs.  649,3.8,29,1,SDL339877583,apnav enterprises,https://www.snapdeal.com/product/venue-brown-pu-office-bag/677363799104
Goodwin Brown P.U Leather Office Laptop Bag With String 15 Inch/Side Bag Cross Bag Men Man Side Bag Gents Bag Men Side Bag One Side Bag Men Carry Bag Men,"Rs.  1,836",4.0,328,13,SDL927366720,orchid international,https://www.snapdeal.com/product/goodwin-brown-leather-office-bag/667976643913
Lois Caron 30 Ltrs Blue Laptop Bags,Rs.  675,4.7,3,N/A,SDL811865421,lois caron,https://www.snapdeal.com/product/lois-caron-30-ltrs-blue/646970975399
Abgrow - Black P.U Office Bag,Rs.  549,4.0,1789,72,SDL166857064,a&b enterprises,https://www.snapdeal.com/product/abgrow-black-leather-office-bag/686864587670
Gizga Light Grey Laptop Sleeves,Rs.  249,4.1,53,2,SDL790640632,demeter consumer india private limited,https://www.snapdeal.com/product/gizga-grey-laptop-sleeves/618772912399
Apnav - Black P.U Briefcase,Rs.  539,4.0,25,N/A,SDL643917809,apnav enterprises,https://www.snapdeal.com/product/apnav-black-fle-slvr-tar/659137686984
OMRON BAGS 40 Ltrs Orange Laptop Bags,Rs.  625,3.9,9,2,SDL047083480,omron bags,https://www.snapdeal.com/product/omron-bags-40-ltrs-blue/630375855346
Apnav Black Laptop Sleeves,Rs.  549,N/A,N/A,N/A,SDL541465502,apnav enterprises,https://www.snapdeal.com/product/apnav-black-laptop-sleeves/642997695486
Style Smith 41 Ltrs Grey Laptop Bags,Rs.  649,4.2,5,N/A,SDL798153192,juscorp enterprises private limited,https://www.snapdeal.com/product/style-smith-41-ltrs-grey/654076334840
SATURN - Tan P.U Office Bag,Rs.  649,4.3,14,N/A,SDL905945875,apnav enterprises,https://www.snapdeal.com/product/saturn-tan-pu-office-bag/623982563419
Daniel Clarion 35 Ltrs Blue Laptop Bags,Rs.  999,4.2,5,N/A,SDL747515071,g.s.traders,https://www.snapdeal.com/product/daniel-clarion-35-ltrs-blue/620392051666
Gizga Blue Laptop Sleeves,Rs.  279,4.0,1,N/A,SDL689557998,demeter consumer india private limited,https://www.snapdeal.com/product/gizga-blue-laptop-sleeves/659575735371
SALLOW - Black Leather Briefcase,Rs.  489,3.9,206,2,SDL093311534,apnav enterprises,https://www.snapdeal.com/product/sallow-black-pu-office-bag/624710717444
Leather World - Tan P.U Office Bag,"Rs.  1,149",4.2,240,8,SDL098372178,leather world,https://www.snapdeal.com/product/leather-world-professional-tan-pu/660147619024
Style Smith 41 Ltrs Black Laptop Bags,Rs.  649,4.4,5,N/A,SDL801442399,juscorp enterprises private limited,https://www.snapdeal.com/product/style-smith-41-ltrs-black/680398849409
AQUADOR - Black P.U Office Bag,"Rs.  1,249",4.4,139,8,SDL770560945,m/s v j m exports,https://www.snapdeal.com/product/aquador-1447-black-pu-office/633521393821
SW Super World - Brown Synthetic Office Bag,Rs.  599,4.2,607,18,SDL015607884,m j bags,https://www.snapdeal.com/product/sw-super-world-stylish-laptop/682538787907
Lois Caron 30 Ltrs Black Laptop Bags,Rs.  775,5.0,1,N/A,SDL750957820,lois caron,https://www.snapdeal.com/product/lois-caron-30-ltrs-black/678071427908
RAGE GAZE Blue Nylon Casual Messenger Bag,Rs.  369,4.0,3,N/A,SDL665369670,fashionphile,https://www.snapdeal.com/product/rage-gaze-blue-nylon-casual/650167168208
SW Super World Stylish Brown Synthetic Office Messenger Bag,Rs.  675,3.6,7,N/A,SDL963477313,m j bags,https://www.snapdeal.com/product/sw-super-world-stylish-brown/620434551864
SW Super World Messenger Bag Black P.U. Casual Messenger Bag,Rs.  775,4.6,5,N/A,SDL740903725,m j bags,https://www.snapdeal.com/product/sw-super-world-messenger-bag/671450921640
Goodwin Tan Leather Office Messenger Bag/Side Bag,"Rs.  1,499",3.9,102,6,SDL314010460,orchid international,https://www.snapdeal.com/product/goodwin-tan-leather-office-messenger/643954632161
Wonder Star Side Bag Brown Brown P.U. Office Messenger Bag,Rs.  649,4.1,26,1,SDL573875673,aysha leather bags,https://www.snapdeal.com/product/wonder-star-side-bag-brown/633169652695
Parrk - Light Grey Solid Messenger Bags,Rs.  329,4.1,36,1,SDL585839057,kapasiya enterprises,https://www.snapdeal.com/product/parrk-grey-casual-messenger-bag/686576390521
Leather World - Brown Solid Messenger Bags,Rs.  419,4.2,1683,58,SDL195490127,leather world,https://www.snapdeal.com/product/leather-world-sling-cross-body/660030327913
Leather World sling bg Tan P.U. 6 Ltrs Casual Messenger Bag,Rs.  379,4.1,43,N/A,SDL321052458,leather world,https://www.snapdeal.com/product/leather-world-pu-sling-bag/631616402814
MIKE Turquoise Polyester Casual Messenger Bag,Rs.  349,4.1,73,3,SDL355067210,kiddos stationery private limited,https://www.snapdeal.com/product/mike-turquoise-polyester-casual-messenger/632207098171
"Prettykrafts Underbed Storage Bag, Storage Organizer, Blanket Cover with Side Handles (Set of 6 pcs",Rs.  599,3.7,7,N/A,SDL046594524,g creations,https://www.snapdeal.com/product/prettykrafts-underbed-storage-bag-storage/6917529692221545718
MIKE Pink Polyester Casual Messenger Bag,Rs.  575,N/A,N/A,N/A,SDL393817981,kiddos stationery private limited,https://www.snapdeal.com/product/mike-pink-polyester-casual-messenger/623188761094
Da Tasche Black SLvr FIle Black P.U. Office Messenger Bag,Rs.  549,3.6,7,1,SDL701594278,apnav enterprises,https://www.snapdeal.com/product/da-tasche-black-slvr-file/645380718239
Leather World - Brown Solid Messenger Bag,Rs.  419,4.0,715,13,SDL079991245,leather world,https://www.snapdeal.com/product/leather-world-office-sling-messenger/649085511372
RURAL CRAFT - Black Solid Messenger Bags,Rs.  279,4.9,14,1,SDL207164215,fashionphile,https://www.snapdeal.com/product/rural-craft-black-nylon-casual/678967692752
"Prettykrafts Cupboard/Closet/Underbed Storage Box/Basket/Bag, Storage Organizer, Blanket Cover with Side Handles (Set of 3 pcs) - Red",Rs.  249,3.9,218,4,SDL880897160,mensa brand technologies private limited,https://www.snapdeal.com/product/prettykrafts-underbed-storage-bag-storage/6917529681177853605
AQUADOR 1485 Tan P.U. Office Messenger Bag,Rs.  825,N/A,N/A,N/A,SDL620101835,m/s v j m exports,https://www.snapdeal.com/product/aquador-1485-tan-pu-office/635214780221
Leather World - Brown Solid Messenger Bags,Rs.  625,4.4,113,4,SDL601867562,leather world,https://www.snapdeal.com/product/leather-world-office-sling-messenger/644120609649
SW Super World Tan Messenger Bag Tan P.U. Casual Messenger Bag,Rs.  675,4.2,11,N/A,SDL709601529,m j bags,https://www.snapdeal.com/product/sw-super-world-tan-messenger/670052577872
Leather Gifts - Multicolor Colorblocked Messenger Bags,Rs.  399,3.6,9,N/A,SDL048850206,leather world,https://www.snapdeal.com/product/leather-gifts-messenger-bag-blue/658219624123
Goodwin Grey Polyester Casual Messenger Bag,Rs.  555,N/A,N/A,N/A,SDL942210727,orchid international,https://www.snapdeal.com/product/goodwin-grey-polyester-casual-messenger/643338040590
Lychee Bags - Pink Fabric Backpack For Kids,Rs.  269,3.4,9,N/A,SDL229382507,creative fashions,https://www.snapdeal.com/product/lychee-bags-pink-fabric-backpack/629064107806
MYBUDDY - Pink Fabric Backpack For Kids,Rs.  239,4.5,4,N/A,SDL058452850,van international,https://www.snapdeal.com/product/mybuddy-pink-fabric-backpack-for/669924474930
Da Tasche - Black Polyester Backpack For Kids,Rs.  549,5.0,1,N/A,SDL536208076,apnav enterprises,https://www.snapdeal.com/product/da-tasche-black-polyester-backpack/633618349267
MYBUDDY - Red Fabric Backpack For Kids,Rs.  229,4.3,12,3,SDL105818489,van international,https://www.snapdeal.com/product/mybuddy-red-fabric-backpack-for/630005921563
Da Tasche - Navy Blue Polyester Backpack For Kids,Rs.  575,N/A,N/A,N/A,SDL784915783,apnav enterprises,https://www.snapdeal.com/product/da-tasche-navy-blue-polyester/623957042291
MYBUDDY - Pink Fabric Backpack For Kids,Rs.  239,5.0,10,4,SDL092732349,van international,https://www.snapdeal.com/product/mybuddy-pink-fabric-backpack-for/663158418369
HeCe Toys - Pink Fabric Backpack For Kids,Rs.  229,4.2,389,6,SDL030183673,pinakin enterprises,https://www.snapdeal.com/product/hece-toys-pink-school-bag/652112553281
MYBUDDY - Brown Fabric Backpack For Kids,Rs.  229,5.0,4,1,SDL798956826,van international,https://www.snapdeal.com/product/mybuddy-brown-fabric-backpack-for/626692544805
Social Syappa - Pink Fabric Backpack For Kids,Rs.  239,4.0,18,1,SDL667056010,van international,https://www.snapdeal.com/product/social-syappa-pink-fabric-backpack/645496075181
Apnav - Purple Polyester Backpack For Kids,Rs.  449,5.0,4,N/A,SDL341978942,apnav enterprises,https://www.snapdeal.com/product/apnav-purple-polyester-backpack-for/638850148609
MYBUDDY - Pink Fabric Backpack For Kids,Rs.  239,4.8,9,1,SDL132001497,van international,https://www.snapdeal.com/product/mybuddy-pink-fabric-backpack-for/668655087509
MYBUDDY - Pink Fabric Backpack For Kids,Rs.  239,5.0,6,2,SDL060586895,van international,https://www.snapdeal.com/product/mybuddy-pink-fabric-backpack-for/643873255441
Apnav - Blue Polyester Backpack For Kids,Rs.  449,4.0,1,N/A,SDL350931178,apnav enterprises,https://www.snapdeal.com/product/apnav-blue-polyester-backpack-for/627906251595
MYBUDDY - Pink Fabric Backpack For Kids,Rs.  239,5.0,4,4,SDL817312259,van international,https://www.snapdeal.com/product/mybuddy-pink-fabric-backpack-for/659560048896
Apnav - Blue Polyester Backpack For Kids,Rs.  449,5.0,2,N/A,SDL346745344,apnav enterprises,https://www.snapdeal.com/product/apnav-blue-polyester-backpack-for/623328863654
Social Syappa - Pink Fabric Backpack For Kids,Rs.  449,4.0,1,N/A,SDL025558242,van international,https://www.snapdeal.com/product/social-syappa-pink-fabric-backpack/658643668292
Apnav Kids Black And Yellow School Bag,Rs.  319,3.5,48,9,SDL207767057,apnav enterprises,https://www.snapdeal.com/product/apnav-kids-black-and-yellow/619204002702
Apnav Grey and Blue Polyester Kids 30 Ltrs School Bag,Rs.  699,3.8,16,N/A,SDL083038114,apnav enterprises,https://www.snapdeal.com/product/apnav-grey-and-blue-polyester/662748683590
Da Tasche - Navy Blue Polyester Backpack For Kids,Rs.  649,5.0,1,N/A,SDL892094480,apnav enterprises,https://www.snapdeal.com/product/da-tasche-35-ltrs-navy/635475694773
Da Tasche - Black Polyester Backpack For Kids,Rs.  649,N/A,N/A,N/A,SDL197308319,apnav enterprises,https://www.snapdeal.com/product/da-tasche-black-polyester-backpack/633804204825
Style Smith - Multicolor Canvas Tote Bag,Rs.  449,5.0,1,N/A,SDL798108830,juscorp enterprises private limited,https://www.snapdeal.com/product/style-smith-multicolor-canvas-shoulder/680613348340
Fostelo - Tan  PU Shoulder Bag,Rs.  389,4.2,131,6,SDL571477108,fostelo handbags,https://www.snapdeal.com/product/fostelo-tan-pu-shoulder-bag/677458734092
MNS Gallery - Black  PU Sling Bag,Rs.  469,4.0,63,3,SDL112098342,m n shopping gallery,https://www.snapdeal.com/product/mns-gallery-black-pu-sling/654563639715
Krozilla - Green Faux Leather Combo,Rs.  279,5.0,4,1,SDL311292203,ajn creations,https://www.snapdeal.com/product/krozilla-green-faux-leather-combo/5764608146117001529
Element Cart Black Faux Leather Shoulder Bag,Rs.  699,N/A,N/A,N/A,SDL758656525,element cart,https://www.snapdeal.com/product/element-cart-black-faux-leather/8070451163132482894
Style Smith - Brown Faux Leather Sling Bag,Rs.  439,4.7,6,N/A,SDL266608970,juscorp enterprises private limited,https://www.snapdeal.com/product/style-smith-brown-faux-leather/686694479578
TAP FASHION - Wood Brown PU Sling Bag (With Complimentary Pendant Set),Rs.  359,4.3,7,N/A,SDL153237868,tap fashion,https://www.snapdeal.com/product/tap-fashion-green-pu-sling/637856008689
Style Smith - Multicolor Fabric Sling Bag,Rs.  539,4.5,4,N/A,SDL260088104,juscorp enterprises private limited,https://www.snapdeal.com/product/style-smith-multicolor-fabric-sling/633064027671
Strop Carry - Beige PU Sling Bag,Rs.  599,4.3,4,N/A,SDL956231848,element cart,https://www.snapdeal.com/product/strop-carry-black-pu-sling/8070451214810003125
Rudhira - Brown Faux Leather Satchel Bag,"Rs.  1,399",N/A,N/A,N/A,SDL353069331,rudhira world,https://www.snapdeal.com/product/rudhira-brown-faux-leather-satchel/677420785896
Fostelo - Pink  PU Shoulder Bag,Rs.  439,4.2,14,N/A,SDL740817118,fostelo handbags,https://www.snapdeal.com/product/fostelo-pink-pu-shoulder-bag/6917529684189167816
Fostelo - Orange PU Handheld,Rs.  379,4.6,9,N/A,SDL625378707,fostelo handbags,https://www.snapdeal.com/product/fostelo-brown-pu-handheld/7493990426491937395
TAP FASHION - Brown  PU Sling Bag,Rs.  389,4.3,160,8,SDL768863710,tap fashion,https://www.snapdeal.com/product/tap-fashion-pink-pu-sling/5188147440660074230
AL XTAR FASHION - Dark Grey Faux Leather Sling Bag,Rs.  999,N/A,N/A,N/A,SDL661594354,al xtar fashion,https://www.snapdeal.com/product/al-xtar-fashion-blue-faux/7493990425377321789
Style Smith - Brown Faux Leather Shoulder Bag,"Rs.  1,399",4.0,2,N/A,SDL725608580,juscorp enterprises private limited,https://www.snapdeal.com/product/style-smith-brown-faux-leather/633836853864
Fostelo - Tan PU Shoulder Bag,Rs.  339,3.9,7,N/A,SDL000605800,fostelo handbags,https://www.snapdeal.com/product/fostelo-blue-pu-shoulder-bag/5764608174206937339
Stropcarry Black P.U. Combo,Rs.  699,5.0,1,N/A,SDL569989370,element cart,https://www.snapdeal.com/product/stropcarry-black-pu-combo/5764608150375207215
Style Smith - Multicolor Fabric Sling Bag,Rs.  449,4.8,4,N/A,SDL232201756,juscorp enterprises private limited,https://www.snapdeal.com/product/style-smith-multicolor-fabric-sling/643287091727
Style Smith - Pink Faux Leather Handheld,Rs.  899,4.4,5,N/A,SDL639305418,juscorp enterprises private limited,https://www.snapdeal.com/product/style-smith-pink-faux-leather/676251192210
TAP FASHION - Brown PU Sling Bag (With Complimentary Pendant Set),Rs.  439,3.9,27,2,SDL922392925,tap fashion,https://www.snapdeal.com/product/tap-fashion-brown-pu-sling/674919201965
Style Smith - Brown Small P.U. Gym Bag,Rs.  249,4.3,3,N/A,SDL216989652,juscorp enterprises private limited,https://www.snapdeal.com/product/style-smith-brown-small-pu/619366581416
Fly Fashion - Navy Blue Small Nylon Gym Bag,Rs.  379,4.1,12,N/A,SDL208075022,leather world,https://www.snapdeal.com/product/fly-fashion-navy-blue-small/672661864017
Hipkoo Sports 25 Ltrs Large Polyester Gym Bag,Rs.  419,4.3,7,N/A,SDL744680109,gbl garden private limited,https://www.snapdeal.com/product/hipkoo-sports-25-ltrs-large/671577672997
Hipkoo Sports 25 Ltrs Large Polyester Gym Bag,Rs.  419,4.2,9,N/A,SDL727638661,gbl garden private limited,https://www.snapdeal.com/product/hipkoo-sports-25-ltrs-large/665653225459
Style Smith 22 Liters Gym Bag Sports Bag With Shoe Compartment,Rs.  449,N/A,N/A,N/A,SDL105190154,juscorp enterprises private limited,https://www.snapdeal.com/product/style-smith-yellow-onesize-polyester/625561570826
Hipkoo Sports 25 Ltrs Large Polyester Gym Bag,Rs.  269,4.6,5,N/A,SDL980678159,gbl garden private limited,https://www.snapdeal.com/product/hipkoo-sports-25-ltrs-large/659540494187
Hipkoo Sports 25 Ltrs Large Polyester Gym Bag,Rs.  419,4.3,8,N/A,SDL978840294,gbl garden private limited,https://www.snapdeal.com/product/hipkoo-sports-25-ltrs-large/641298295350
Hipkoo Sports 25 Ltrs Large Polyester Gym Bag,Rs.  329,4.0,1,N/A,SDL724222693,gbl garden private limited,https://www.snapdeal.com/product/hipkoo-sports-25-ltrs-large/634714079967
Hipkoo Sports 25 Ltrs Large Polyester Gym Bag,Rs.  279,3.3,3,N/A,SDL717646031,gbl garden private limited,https://www.snapdeal.com/product/hipkoo-sports-25-ltrs-large/664263490280
Hipkoo Sports 25 Ltrs Large Polyester Gym Bag,Rs.  339,N/A,N/A,N/A,SDL719727586,gbl garden private limited,https://www.snapdeal.com/product/hipkoo-sports-25-ltrs-large/630129581112
Style Smith - Brown Medium P.U. Gym Bag,Rs.  349,3.0,2,N/A,SDL320041211,juscorp enterprises private limited,https://www.snapdeal.com/product/style-smith-black-medium-pu/627535562165
Deflate Round -01 Gym Bag,Rs.  675,N/A,N/A,N/A,SDL777943389,d&o ventures pvt ltd (nivia),https://www.snapdeal.com/product/deflate-round-01-gym-bag/635859911833
Hipkoo Sports 25 Ltrs Large Polyester Gym Bag,Rs.  339,N/A,N/A,N/A,SDL728479557,gbl garden private limited,https://www.snapdeal.com/product/hipkoo-sports-25-ltrs-large/625028308334
Hipkoo Sports 25 Ltrs Large Polyester Gym Bag,Rs.  339,N/A,N/A,N/A,SDL727843427,gbl garden private limited,https://www.snapdeal.com/product/hipkoo-sports-25-ltrs-large/639292339528
Leather World 26 Ltrs Medium P.U. Gym Bag,Rs.  449,4.1,900,20,SDL447342892,leather world,https://www.snapdeal.com/product/leather-world-medium-pu-gym/656754674049
MIKE 22 Ltrs Large Polyester Gym Bag,Rs.  439,4.6,22,N/A,SDL908333650,mike bags manufacturers india private limited,https://www.snapdeal.com/product/mike-22-ltrs-large-polyester/621569173796
Heart Choice - Green M Polyester Gym Bag,Rs.  519,5.0,5,N/A,SDL205810309,adil bags & co,https://www.snapdeal.com/product/heart-choice-green-m-polyester/651685842800
mikebags 30 Ltrs Medium Polyester Gym Bag,Rs.  675,4.2,6,N/A,SDL122301378,mike bags manufacturers india private limited,https://www.snapdeal.com/product/mikebags-30-ltrs-medium-polyester/624312168243
Style Smith Brown Faux Leather 22 Liters Gym Duffle Bag With Shoe Compartment,Rs.  449,N/A,N/A,N/A,SDL151278557,juscorp enterprises private limited,https://www.snapdeal.com/product/style-smith-brown-onesize-leather/625987051041
Fly Fashion - Red Small Nylon Gym Bag,Rs.  349,4.1,7,N/A,SDL260597120,leather world,https://www.snapdeal.com/product/fly-fashion-red-small-nylon/660536206820
"HOMETALES Underbed Storage Bag, Storage Organizer, Blanket Cover with Front Handle set of 2 (60X45X30 CM) - beige",Rs.  328,3.9,443,13,SDL468873034,juscorp enterprises private limited,https://www.snapdeal.com/product/sh-nasima-blanket-storage-bag/6917529681500033702
"HOMETALES Underbed Storage Bag, Storage Organizer, Blanket Cover with Front Handle set of 2 (60X45X30 CM) - beige",Rs.  245,3.9,443,13,SDL479980017,juscorp enterprises private limited,https://www.snapdeal.com/product/sh-nasima-blanket-storage-bag/8070451186106880678
"Sh Nasima Non Woven Printed Saree Cover Bag Wardrobe with Transparent Window( Pack of 3, Red)",Rs.  229,4.1,79,5,SDL693411396,sh nasima manufacturer,https://www.snapdeal.com/product/sh-nasima-non-woven-printed/5764608194960326589
"SH NASIMA Set of 3 Underbed Storage Bag, Storage Organizer, Blanket Cover with Front Handle - (Full Grey)",Rs.  359,4.0,62,N/A,SDL687658526,sh nasima manufacturer,https://www.snapdeal.com/product/sh-nasima-set-of-3/669716150323
"KIVYA underbed storage bags blanket covers for blankets, comforter, quilts clothes organizer for wardrobe and closet , non woven, Maroon - Set of 2",Rs.  349,3.6,25,3,SDL217817405,infinity craft,https://www.snapdeal.com/product/kivya-underbed-storage-bags-blanket/643674018115
PrettyKrafts Presents Saree Cover Storage Bags for Clothes Combo Offer Saree Organizer for Wardrobe/Organizers for Clothes/Organizers for Wardrobe Pack of 3 - Jute Pink,Rs.  159,3.8,32,3,SDL437659244,g creations,https://www.snapdeal.com/product/prettykrafts-presents-saree-cover-storage/8070451214895733892
Sh Nasima Blouse Covers Organizer Non Woven Blouse Storage Bag With Transparent Window Black Less Pack Of 2,Rs.  179,3.6,20,3,SDL799626453,sh nasima manufacturer,https://www.snapdeal.com/product/sh-nasima-blouse-covers-organizer/6917529659749351007
"KIVYA underbed storage bags clothes covers for wardrobe organizer clothing cloth box for closet and travel organiser, Nylon, Black - Set of 2",Rs.  625,4.0,8,N/A,SDL849991996,infinity craft,https://www.snapdeal.com/product/kivya-underbed-storage-bags-clothes/623772701001
"Sh Nasima Non Woven Printed Saree Cover Bag Wardrobe with Transparent Window( Pack of 3, Red)",Rs.  239,4.1,79,5,SDL688175809,sh nasima manufacturer,https://www.snapdeal.com/product/sh-nasima-non-woven-printed/8070451204174020541
"PrettyKraftsSaree Cover Large with creative prints, Saree Storage Bag with Zip, Wardrobe Organiser, Clothes Cover & Storage,Multi Check, Set of 9 pcs",Rs.  599,N/A,N/A,N/A,SDL100267603,g creations,https://www.snapdeal.com/product/prettykraftssaree-cover-large-with-creative/8070451153800688105
"KIVYA Saree clothes cover organizer with extra large window for storage,closet,wardrobe,almirah organiser set of 4 Clothing storage bag/box,saree packing cover for storage box (Grey)",Rs.  389,3.7,3,N/A,SDL215814927,infinity craft,https://www.snapdeal.com/product/kivya-saree-clothes-cover-organizer/650212987742
"HOMETALES set of 2 Cotton Quilted 3 Layered Foldable Saree Covers / Clothes Storage Bag / Wardrobe Organizer With Transparent Window And Zip For Lehenga, Suit, Dress,& Accessories (Maroon)",Rs.  269,3.9,94,2,SDL594052131,sh nasima manufacturer,https://www.snapdeal.com/product/sh-nasima-set-of-2/5764608190963761905
"SH Nasima set of 4 Cotton Quilted 3 Layered Foldable Saree Covers / Clothes Storage Bag / Wardrobe Organizer With Transparent Window And Zip For Lehenga, Suit, Dress,& Accessories (Blue)",Rs.  489,3.7,19,N/A,SDL754174789,sh nasima manufacturer,https://www.snapdeal.com/product/sh-nasima-set-of-4/5764608190438202702
"PrettyKrafts Underbed Storage Bag, Storage Organizer, Blanket Cover with Side Handles (Set of 3 pcs) - Multi Flower",Rs.  369,3.7,9,N/A,SDL589664894,mensa brand technologies private limited,https://www.snapdeal.com/product/prettykrafts-underbed-storage-bag-storage/6917529675242573044
"SH NASIMA Foldable Men's Coat Cover, Blazer Cover, Pack of 05 (GREY)",Rs.  489,4.1,16,1,SDL516532992,sh nasima manufacturer,https://www.snapdeal.com/product/sh-nasima-foldable-mens-coat/652402913796
"KIVYA Double bed blanket cover bags for comforter and quilts Underbed Storage Bag, Storage Organizer, wardrobe organizer, Beige, Non Woven - Set of 6",Rs.  875,3.6,5,N/A,SDL727011490,infinity craft,https://www.snapdeal.com/product/kivya-double-bed-blanket-cover/671362573623
"PrettyKrafts Saree Cover Large with Creative Prints, Saree Storage Bag with Zip, Wardrobe Organiser, Clothes Cover & Storage, (Set of 6) Pink (Pink)",Rs.  299,4.2,41,1,SDL673950229,g creations,https://www.snapdeal.com/product/prettykrafts-saree-cover-large-with/5188147456204485980
"SH Nasima set of 4 Cotton Quilted 3 Layered Foldable Saree Covers / Clothes Storage Bag / Wardrobe Organizer With Transparent Window And Zip For Lehenga, Suit, Dress,& Accessories (Maroon)",Rs.  499,3.7,19,N/A,SDL768383440,sh nasima manufacturer,https://www.snapdeal.com/product/sh-nasima-set-of-4/6917529695045049678
"Sh Nasima Non Woven Printed Saree Cover Bag Wardrobe with Transparent Window( Pack of 3, Orange)",Rs.  209,4.1,79,5,SDL695504156,sh nasima manufacturer,https://www.snapdeal.com/product/sh-nasima-non-woven-printed/6917529699567173565
"PrettyKraftsSaree Cover Large with creative prints, Saree Storage Bag with Zip, Wardrobe Organiser, Clothes Cover & Storage,Multi Check, Set of 12 pcs",Rs.  723,5.0,1,N/A,SDL945422527,g creations,https://www.snapdeal.com/product/prettykraftssaree-cover-large-with-creative/5764608187649577654
Krozilla - Light Grey Faux Leather Sling Bag,Rs.  259,5.0,3,1,SDL344358358,ajn creations,https://www.snapdeal.com/product/krozilla-green-faux-leather-sling/6341068903097366596
Leather Land - Tan  PU Sling Bag,Rs.  279,4.0,5815,138,SDL230103836,belladona (designer bags),https://www.snapdeal.com/product/leather-land-tan-pu-sling/671474842154
Leather Land - Grey PU Sling Bag,Rs.  279,4.1,475,16,SDL843836986,belladona (designer bags),https://www.snapdeal.com/product/leather-land-gray-pu-sling/6341068932728205849
MNS Gallery - Black  PU Sling Bag,Rs.  469,4.0,63,3,SDL112098342,m n shopping gallery,https://www.snapdeal.com/product/mns-gallery-black-pu-sling/654563639715
Strop Carry - Brown PU Sling Bag,Rs.  599,4.6,9,N/A,SDL486726630,element cart,https://www.snapdeal.com/product/strop-carry-pink-pu-sling/8070451172235394303
Fostelo - Blue PU Sling Bag,Rs.  289,4.2,25,N/A,SDL438773719,pro services,https://www.snapdeal.com/product/fostelo-tan-pu-sling-bag/6917529692215561629
Parrk - Brown  PU Sling Bag,Rs.  229,3.9,11044,196,SDL457050893,kapasiya enterprises,https://www.snapdeal.com/product/parrk-brown-pu-sling-bag/653305704501
Anekaant - Green Canvas Sling Bag,Rs.  289,4.3,47,N/A,SDL434436079,adp ltd,https://www.snapdeal.com/product/anekaant-green-canvas-sling-bag/627404316515
Style Smith - Brown Faux Leather Sling Bag,Rs.  439,4.7,6,N/A,SDL266608970,juscorp enterprises private limited,https://www.snapdeal.com/product/style-smith-brown-faux-leather/686694479578
Fommil - Black PU Sling Bag,Rs.  639,N/A,N/A,N/A,SDL414402939,m.s fashion,https://www.snapdeal.com/product/fommil-purple-pu-sling-bag/8070451166611704199
Fostelo - Tan PU Sling Bag,Rs.  329,4.7,7,N/A,SDL530928221,pro services,https://www.snapdeal.com/product/fostelo-maroon-pu-sling-bag/6341068930629623516
Krozilla - Pink Faux Leather Sling Bag,Rs.  199,4.0,7,N/A,SDL752574175,ajn creations,https://www.snapdeal.com/product/krozilla-brown-faux-leather-sling/8070451211127911217
TAP FASHION - Baby Pink  PU Sling Bag,Rs.  419,4.4,20,2,SDL035040735,tap fashion,https://www.snapdeal.com/product/tap-fashion-baby-pink-pu/5764608167563383530
Parrk - Black PU Sling Bag,Rs.  319,N/A,N/A,N/A,SDL966333638,kapasiya enterprises,https://www.snapdeal.com/product/parrk-maroon-pu-sling-bag/7493990435868511654
Strop Carry - Dark Grey PU Sling Bag,Rs.  575,4.7,3,N/A,SDL187093036,element cart,https://www.snapdeal.com/product/strop-carry-dark-grey-pu/5188147402378734517
Krozilla - Pink Faux Leather Sling Bag,Rs.  259,5.0,3,1,SDL373932574,ajn creations,https://www.snapdeal.com/product/krozilla-green-faux-leather-sling/6917529655400790084
Nicoberry - Green PU Sling Bag,Rs.  319,N/A,N/A,N/A,SDL222091830,ns art enterprises,https://www.snapdeal.com/product/nicoberry-green-pu-sling-bag/665333031080
SUNESH CREATIONS - Cream Fabric Sling Bag,Rs.  249,4.6,8,1,SDL893861895,sunesh creation,https://www.snapdeal.com/product/sunesh-creations-cream-fabric-sling/645078826159
TAP FASHION - Baby Pink  PU Sling Bag,Rs.  489,4.2,87,2,SDL578632575,tap fashion,https://www.snapdeal.com/product/tap-fashion-blue-pu-sling/640857002469
AL XTAR FASHION - Maroon Faux Leather Sling Bag,Rs.  999,N/A,N/A,N/A,SDL487241813,al xtar fashion,https://www.snapdeal.com/product/al-xtar-fashion-blue-faux/8070451177680745277
Oscar Home - Multicolor Cotton Tote Bag,Rs.  289,3.4,5,N/A,SDL313157218,adi creations,https://www.snapdeal.com/product/oscar-home-multicolor-cotton-tote/651896511953
Ryan Overseas - Black  Cotton Tote Bag,Rs.  209,4.3,15,N/A,SDL034057020,ryan overseas,https://www.snapdeal.com/product/ryan-overseas-black-cotton-tote/656793662962
PrettyKrafts Purple Saree Covers - 12 Pcs,Rs.  239,3.8,27,N/A,SDL941348575,mensa brand technologies private limited,https://www.snapdeal.com/product/prettykrafts-blue-saree-covers-12/5764608193807757922
Bulbul Pink Saree Covers - 12 Pcs,Rs.  469,4.6,12,N/A,SDL454929993,shree ganesham arts,https://www.snapdeal.com/product/bulbul-pink-saree-covers-12/681297183476
RAJA Pink Saree Covers - 8 Pcs,Rs.  339,4.4,19,N/A,SDL291793285,shree ganesham arts,https://www.snapdeal.com/product/raja-pink-saree-covers-8/673857098750
Bulbul Red Saree Covers - 6 Pcs,Rs.  547,N/A,N/A,N/A,SDL163257765,shree ganesham arts,https://www.snapdeal.com/product/bulbul-red-saree-covers-6/660263441330
Bulbul Pink Saree Covers - 6 Pcs,Rs.  419,4.0,123,2,SDL373430794,shree ganesham arts,https://www.snapdeal.com/product/bulbul-pink-saree-covers-6/668184289893
Bulbul Red Saree Covers - 1 Pc,Rs.  279,N/A,N/A,N/A,SDL225248433,shree ganesham arts,https://www.snapdeal.com/product/bulbul-red-saree-covers-1/625012784842
Bulbul Maroon Saree Covers - 4 Pcs,Rs.  499,4.2,103,3,SDL157284719,shree ganesham arts,https://www.snapdeal.com/product/bulbul-maroon-saree-covers-4/667752599952
Ryan Overseas Purple Cotton Tote Bag,Rs.  269,4.2,33,N/A,SDL382511357,ryan overseas,https://www.snapdeal.com/product/ryan-overseas-purple-cotton-tote/628629284420
Ryan Overseas White Cotton Sling Bag,Rs.  279,4.6,32,1,SDL137423406,ryan overseas,https://www.snapdeal.com/product/ryan-overseas-white-cotton-tote/645831344626
Bulbul Multi Saree Covers - 10 Pcs,Rs.  699,N/A,N/A,N/A,SDL308542178,shree ganesham arts,https://www.snapdeal.com/product/bulbul-multi-saree-covers-10/654211317230
Bulbul Multi Saree Covers - 12 Pcs,Rs.  675,4.1,16,1,SDL274217417,shree ganesham arts,https://www.snapdeal.com/product/bulbul-multi-saree-covers-12/686047531339
Ryan Overseas Blue Bottle Bags - 2 Pcs,Rs.  179,3.6,5,1,SDL089789350,ryan overseas,https://www.snapdeal.com/product/ryan-overseas-blue-bottle-bags/654944434806
Bulbul Pink Saree Covers - 12 Pcs,Rs.  469,4.3,10,N/A,SDL165245170,shree ganesham arts,https://www.snapdeal.com/product/bulbul-pink-saree-covers-12/644618058487
Bulbul Red Saree Covers - 5 Pcs,Rs.  648,4.7,3,N/A,SDL901703741,shree ganesham arts,https://www.snapdeal.com/product/bulbul-red-saree-covers-5/675614417412
Bulbul Maroon Saree Covers - 5 Pcs,Rs.  648,4.3,15,1,SDL177479108,shree ganesham arts,https://www.snapdeal.com/product/bulbul-maroon-saree-covers-5/683505725250
Bulbul Pink Saree Covers - 12 Pcs,Rs.  419,4.2,52,1,SDL422003843,shree ganesham arts,https://www.snapdeal.com/product/bulbul-pink-saree-covers-12/672597823270
RAJA Multi Saree Covers - 4 Pcs,Rs.  359,1.0,2,N/A,SDL142751696,shree ganesham arts,https://www.snapdeal.com/product/raja-multi-saree-covers-4/667514996663
PrettyKrafts Orange Saree Covers - 9 Pcs,Rs.  329,3.8,27,N/A,SDL950002155,g creations,https://www.snapdeal.com/product/prettykrafts-blue-saree-covers-12/7493990450718028386
